{
    "metadata": {
        "version": 4.4,
        "generator": "io_three",
        "type": "Object"
    },
    "images": [{
        "name": "door.jpg",
        "url": "door.jpg",
        "uuid": "84A65F9F-50AE-3936-80F6-28E88EA31CFC"
    },{
        "name": "roof.jpg",
        "url": "roof.jpg",
        "uuid": "AABE24D9-4F0B-3074-B159-92464FC3F6AC"
    },{
        "name": "wall.jpg",
        "url": "wall.jpg",
        "uuid": "59726C11-8518-3AE4-8486-AEA20EBEA16E"
    },{
        "name": "Wood-Textures-9.jpg",
        "url": "Wood-Textures-9.jpg",
        "uuid": "9475BD04-CC6F-3D07-BA90-11804110229D"
    }],
    "object": {
        "children": [{
            "name": "Group",
            "uuid": "B7F11870-172E-3FA2-A158-B968FBF8994B",
            "matrix": [-0.997351,0,0.072742,0,0.072742,0,0.997351,0,0,1,0,0,0.528144,0.787722,-1.02341,1],
            "visible": true,
            "type": "Object",
            "children": [{
                "name": "Box",
                "uuid": "DDA9AE26-14F9-3E6A-9BDD-AF02F6D2F286",
                "matrix": [0.004565,5.3997,0,0,-2.8187,0.002383,0,0,0,0,2.8708,0,-0.033156,1.02341,-0.708722,1],
                "visible": true,
                "type": "Mesh",
                "material": "FA7B7598-5F8C-369E-BCAD-FF6703170B4D",
                "castShadow": true,
                "receiveShadow": true,
                "geometry": "15641190-4052-3871-BF5E-F046F6B1B496"
            },{
                "name": "Box1",
                "uuid": "13AB8362-B9AF-310A-8509-00DC96972EBC",
                "matrix": [-3.2467,-0.00174,0.000759,0,0.003131,-5.8438,-0.002418,0,0.00062,-0.001096,2.6492,0,-0.012656,1.02341,1.13808,1],
                "visible": true,
                "type": "Mesh",
                "material": "8C595D1C-8E3B-34C5-B767-EBED8953EE61",
                "castShadow": true,
                "receiveShadow": true,
                "geometry": "0813763B-3A95-3717-A405-7EEF112B324A"
            },{
                "name": "Box2",
                "uuid": "66A008AC-44C6-3B23-9275-5237B57058C0",
                "matrix": [0.4245,0,0,0,0,0.4245,0,0,0,0,2.8422,0,1.40975,3.70021,-0.685722,1],
                "visible": true,
                "type": "Mesh",
                "material": "54BEA506-81DE-35BE-8D83-5AC1C4B3AA4C",
                "castShadow": true,
                "receiveShadow": true,
                "geometry": "A3266DF7-EF8B-3835-B919-F2D9B9D10D07"
            },{
                "name": "Box3",
                "uuid": "BF7F5BAE-ECAB-32A6-B7E6-0F0B02A66F3D",
                "matrix": [0.4245,0,0,0,0,0.4245,0,0,0,0,2.8422,0,1.34774,-1.67309,-0.685722,1],
                "visible": true,
                "type": "Mesh",
                "material": "54BEA506-81DE-35BE-8D83-5AC1C4B3AA4C",
                "castShadow": true,
                "receiveShadow": true,
                "geometry": "DAF26EED-E8A1-3597-94D1-E65246622C91"
            },{
                "name": "Box4",
                "uuid": "21E1EE28-720A-3F5F-A701-169B87D161B6",
                "matrix": [0.4245,0,0,0,0,0.4245,0,0,0,0,2.8422,0,-1.41006,-1.67309,-0.685722,1],
                "visible": true,
                "type": "Mesh",
                "material": "54BEA506-81DE-35BE-8D83-5AC1C4B3AA4C",
                "castShadow": true,
                "receiveShadow": true,
                "geometry": "21064AED-2F9E-349A-8048-33069A9BEACE"
            },{
                "name": "Box5",
                "uuid": "B7F31A6C-E829-3060-8AE1-EBA084A2865B",
                "matrix": [0.4245,0,0,0,0,0.4245,0,0,0,0,2.8422,0,-1.39596,3.67731,-0.685722,1],
                "visible": true,
                "type": "Mesh",
                "material": "54BEA506-81DE-35BE-8D83-5AC1C4B3AA4C",
                "castShadow": true,
                "receiveShadow": true,
                "geometry": "64183BD0-6EAE-3D88-8ABC-1117C3AD9D35"
            },{
                "name": "Box6",
                "uuid": "635989B7-6F0F-336A-8B27-DC1722994B13",
                "matrix": [0.1786,-0,0,0,0,1.2623,0,0,0,0,0.1546,0,0.048444,-2.30989,1.78668,1],
                "visible": true,
                "type": "Mesh",
                "material": "54BEA506-81DE-35BE-8D83-5AC1C4B3AA4C",
                "castShadow": true,
                "receiveShadow": true,
                "geometry": "5F05442A-9704-3BFB-BE1B-EE12E2150EE3"
            },{
                "name": "Box7",
                "uuid": "438FF972-AF36-3959-A474-DA6FFA57510C",
                "matrix": [0.188,-0,0,0,0,0.4479,0,0,0,0,0.5663,0,0.042544,-2.07889,1.46538,1],
                "visible": true,
                "type": "Mesh",
                "material": "54BEA506-81DE-35BE-8D83-5AC1C4B3AA4C",
                "castShadow": true,
                "receiveShadow": true,
                "geometry": "778708C3-2A4C-30ED-AC23-F99783DFA888"
            },{
                "name": "Plane",
                "uuid": "631279BD-3DB0-34E6-BE17-B19991DEF360",
                "matrix": [0.2701,0,0,0,0,0.014067,0.603836,0,-0,-1.53928,0.035859,0,0.003344,-1.68939,-0.938522,1],
                "visible": true,
                "type": "Mesh",
                "material": "A5E21904-2E72-3C11-AE59-50694BE8D142",
                "castShadow": true,
                "receiveShadow": true,
                "geometry": "FDA35051-77AC-3FCF-B642-34C990EA7344"
            }]
        },{
            "name": "HemisphereLight",
            "uuid": "9E70F1B8-17F0-390E-9BC5-86CE4D7CDC58",
            "matrix": [-1,0,0,0,0,1,-0,0,0,-0,-1,0,0,21.5149,0,1],
            "visible": true,
            "type": "HemisphereLight",
            "color": 3376639,
            "intensity": 0.6,
            "distance": 0
        }],
        "type": "Scene",
        "uuid": "FEC3E65A-1E2A-490E-848C-06475BC36BF1",
        "matrix": [1,0,0,0,0,1,0,0,0,0,1,0,0,0,0,1]
    },
    "animations": [{
        "fps": 29,
        "name": "default",
        "tracks": []
    }],
    "textures": [{
        "anisotropy": 1,
        "wrap": [1000,1000],
        "minFilter": 1008,
        "uuid": "7E34E7B0-C471-380E-B8B5-FC0568C56107",
        "name": "door_jpg",
        "image": "84A65F9F-50AE-3936-80F6-28E88EA31CFC",
        "magFilter": 1006,
        "mapping": 300,
        "repeat": [1,1]
    },{
        "anisotropy": 1,
        "wrap": [1000,1000],
        "minFilter": 1008,
        "uuid": "DB47BC00-C2FC-39B2-96FF-19B584F7D71B",
        "name": "roof_jpg",
        "image": "AABE24D9-4F0B-3074-B159-92464FC3F6AC",
        "magFilter": 1006,
        "mapping": 300,
        "repeat": [1,1]
    },{
        "anisotropy": 1,
        "wrap": [1000,1000],
        "minFilter": 1008,
        "uuid": "EA9E4BF6-8EBD-34B6-9597-3F50EA57A5D4",
        "name": "wall_jpg",
        "image": "59726C11-8518-3AE4-8486-AEA20EBEA16E",
        "magFilter": 1006,
        "mapping": 300,
        "repeat": [1,1]
    },{
        "anisotropy": 1,
        "wrap": [1000,1000],
        "minFilter": 1008,
        "uuid": "C18DD46C-17BE-3D02-9096-535ECDAD8A7B",
        "name": "Wood_Textures_9_jpg",
        "image": "9475BD04-CC6F-3D07-BA90-11804110229D",
        "magFilter": 1006,
        "mapping": 300,
        "repeat": [1,1]
    }],
    "materials": [{
        "color": 11579568,
        "name": "doorMaterial",
        "ambient": 11579568,
        "uuid": "A5E21904-2E72-3C11-AE59-50694BE8D142",
        "map": "7E34E7B0-C471-380E-B8B5-FC0568C56107",
        "depthTest": true,
        "depthWrite": true,
        "emissive": 0,
        "specular": 0,
        "type": "MeshPhongMaterial",
        "vertexColors": false,
        "blending": "NormalBlending",
        "shininess": 50
    },{
        "color": 11579568,
        "name": "roofMaterial",
        "ambient": 11579568,
        "uuid": "8C595D1C-8E3B-34C5-B767-EBED8953EE61",
        "map": "DB47BC00-C2FC-39B2-96FF-19B584F7D71B",
        "depthTest": true,
        "depthWrite": true,
        "emissive": 0,
        "specular": 0,
        "type": "MeshPhongMaterial",
        "vertexColors": false,
        "blending": "NormalBlending",
        "shininess": 50
    },{
        "color": 11579568,
        "name": "wallMaterial",
        "ambient": 11579568,
        "uuid": "FA7B7598-5F8C-369E-BCAD-FF6703170B4D",
        "map": "EA9E4BF6-8EBD-34B6-9597-3F50EA57A5D4",
        "depthTest": true,
        "depthWrite": true,
        "emissive": 0,
        "specular": 0,
        "type": "MeshPhongMaterial",
        "vertexColors": false,
        "blending": "NormalBlending",
        "shininess": 50
    },{
        "color": 11579568,
        "name": "Wood_Textures_9Material",
        "ambient": 11579568,
        "uuid": "54BEA506-81DE-35BE-8D83-5AC1C4B3AA4C",
        "map": "C18DD46C-17BE-3D02-9096-535ECDAD8A7B",
        "depthTest": true,
        "depthWrite": true,
        "emissive": 0,
        "specular": 0,
        "type": "MeshPhongMaterial",
        "vertexColors": false,
        "blending": "NormalBlending",
        "shininess": 50
    }],
    "geometries": [{
        "data": {
            "metadata": {
                "vertices": 8,
                "normals": 8,
                "bones": 0,
                "faces": 6,
                "generator": "io_three",
                "version": 3,
                "morphTargets": 0,
                "materials": 1,
                "uvs": 1
            },
            "name": "Box1Geometry",
            "bones": [],
            "faces": [43,0,2,3,1,0,0,1,2,3,0,1,2,3,43,4,6,7,5,0,0,1,2,3,4,5,6,7,43,0,1,4,5,0,2,3,0,1,0,3,4,7,43,7,6,3,2,0,0,1,2,3,6,5,2,1,43,2,0,5,7,0,2,3,0,1,1,0,7,6,43,1,3,6,4,0,0,1,2,3,3,2,5,4],
            "vertices": [0.196778,-0.5,0.5,0.196778,0.5,0.5,0.5,-0.5,-0.159028,0.5,0.5,-0.16148,-0.163647,0.5,0.5,-0.163647,-0.5,0.5,-0.5,0.5,-0.16148,-0.5,-0.5,-0.159028],
            "skinWeights": [],
            "influencesPerVertex": 2,
            "morphTargets": [],
            "normals": [0.430403,-0.603412,0.671285,0.698752,-0.558519,-0.446913,0.698355,0.557482,-0.448836,0.430372,0.603442,0.671255,-0.41554,0.60625,0.67803,-0.708152,0.556017,-0.435102,-0.708548,-0.557024,-0.433119,-0.41554,-0.60622,0.67806],
            "animations": [],
            "skinIndices": [],
            "uvs": [[0,1,0,0,1,0,1,1]]
        },
        "materials": [{
            "transparent": false,
            "wireframe": false,
            "colorAmbient": [0.690196,0.690196,0.690196],
            "visible": true,
            "mapDiffuse": "roof.jpg",
            "colorSpecular": [0.001176,0.001176,0.001176],
            "DbgColor": 15658734,
            "DbgName": "roofMaterial",
            "depthTest": true,
            "specularCoef": 50,
            "mapDiffuseAnisotropy": 1,
            "DbgIndex": 0,
            "shading": "phong",
            "mapDiffuseRepeat": [1,1],
            "depthWrite": true,
            "colorDiffuse": [0.690196,0.690196,0.690196],
            "opacity": 1,
            "colorEmissive": [0,0,0],
            "mapDiffuseWrap": ["RepeatWrapping","RepeatWrapping"],
            "blending": "NormalBlending"
        }],
        "type": "Geometry",
        "uuid": "0813763B-3A95-3717-A405-7EEF112B324A"
    },{
        "data": {
            "metadata": {
                "vertices": 8,
                "normals": 8,
                "bones": 0,
                "faces": 6,
                "generator": "io_three",
                "version": 3,
                "morphTargets": 0,
                "materials": 1,
                "uvs": 1
            },
            "name": "Box2Geometry",
            "bones": [],
            "faces": [43,0,2,3,1,0,0,1,2,3,0,1,2,3,43,4,6,7,5,0,0,1,2,3,4,5,6,7,43,0,1,4,5,0,2,3,0,1,0,3,4,7,43,7,6,3,2,0,0,1,2,3,6,5,2,1,43,2,0,5,7,0,2,3,0,1,1,0,7,6,43,1,3,6,4,0,0,1,2,3,3,2,5,4],
            "vertices": [0.5,-0.5,0.5,0.5,0.5,0.5,0.5,-0.5,-0.5,0.5,0.5,-0.5,-0.5,0.5,0.5,-0.5,-0.5,0.5,-0.5,0.5,-0.5,-0.5,-0.5,-0.5],
            "skinWeights": [],
            "influencesPerVertex": 2,
            "morphTargets": [],
            "normals": [0.577349,-0.577349,0.577349,0.577349,-0.577349,-0.577349,0.577349,0.577349,-0.577349,0.577349,0.577349,0.577349,-0.577349,0.577349,0.577349,-0.577349,0.577349,-0.577349,-0.577349,-0.577349,-0.577349,-0.577349,-0.577349,0.577349],
            "animations": [],
            "skinIndices": [],
            "uvs": [[0,1,0,0,1,0,1,1]]
        },
        "materials": [{
            "transparent": false,
            "wireframe": false,
            "colorAmbient": [0.690196,0.690196,0.690196],
            "visible": true,
            "mapDiffuse": "Wood-Textures-9.jpg",
            "colorSpecular": [0.001176,0.001176,0.001176],
            "DbgColor": 15658734,
            "DbgName": "Wood_Textures_9Material",
            "depthTest": true,
            "specularCoef": 50,
            "mapDiffuseAnisotropy": 1,
            "DbgIndex": 0,
            "shading": "phong",
            "mapDiffuseRepeat": [1,1],
            "depthWrite": true,
            "colorDiffuse": [0.690196,0.690196,0.690196],
            "opacity": 1,
            "colorEmissive": [0,0,0],
            "mapDiffuseWrap": ["RepeatWrapping","RepeatWrapping"],
            "blending": "NormalBlending"
        }],
        "type": "Geometry",
        "uuid": "A3266DF7-EF8B-3835-B919-F2D9B9D10D07"
    },{
        "data": {
            "metadata": {
                "vertices": 4,
                "normals": 1,
                "bones": 0,
                "faces": 1,
                "generator": "io_three",
                "version": 3,
                "morphTargets": 0,
                "materials": 1,
                "uvs": 1
            },
            "name": "PlaneGeometry",
            "bones": [],
            "faces": [43,0,2,3,1,0,0,1,2,3,0,0,0,0],
            "vertices": [-2,2,0,2,2,0,-2,-2,-0,2,-2,-0],
            "skinWeights": [],
            "influencesPerVertex": 2,
            "morphTargets": [],
            "normals": [0,0,1],
            "animations": [],
            "skinIndices": [],
            "uvs": [[0,1,0,0,1,0,1,1]]
        },
        "materials": [{
            "transparent": false,
            "wireframe": false,
            "colorAmbient": [0.690196,0.690196,0.690196],
            "visible": true,
            "mapDiffuse": "door.jpg",
            "colorSpecular": [0.001176,0.001176,0.001176],
            "DbgColor": 15658734,
            "DbgName": "doorMaterial",
            "depthTest": true,
            "specularCoef": 50,
            "mapDiffuseAnisotropy": 1,
            "DbgIndex": 0,
            "shading": "phong",
            "mapDiffuseRepeat": [1,1],
            "depthWrite": true,
            "colorDiffuse": [0.690196,0.690196,0.690196],
            "opacity": 1,
            "colorEmissive": [0,0,0],
            "mapDiffuseWrap": ["RepeatWrapping","RepeatWrapping"],
            "blending": "NormalBlending"
        }],
        "type": "Geometry",
        "uuid": "FDA35051-77AC-3FCF-B642-34C990EA7344"
    },{
        "data": {
            "metadata": {
                "vertices": 8,
                "normals": 8,
                "bones": 0,
                "faces": 6,
                "generator": "io_three",
                "version": 3,
                "morphTargets": 0,
                "materials": 1,
                "uvs": 1
            },
            "name": "BoxGeometry",
            "bones": [],
            "faces": [43,0,2,3,1,0,0,1,2,3,0,1,2,3,43,4,6,7,5,0,0,1,2,3,4,5,6,7,43,0,1,4,5,0,2,3,0,1,0,3,4,7,43,7,6,3,2,0,0,1,2,3,6,5,2,1,43,2,0,5,7,0,2,3,0,1,1,0,7,6,43,1,3,6,4,0,0,1,2,3,3,2,5,4],
            "vertices": [0.5,-0.5,0.5,0.5,0.5,0.5,0.5,-0.5,-0.5,0.5,0.5,-0.5,-0.5,0.5,0.5,-0.5,-0.5,0.5,-0.5,0.5,-0.5,-0.5,-0.5,-0.5],
            "skinWeights": [],
            "influencesPerVertex": 2,
            "morphTargets": [],
            "normals": [0.577349,-0.577349,0.577349,0.577349,-0.577349,-0.577349,0.577349,0.577349,-0.577349,0.577349,0.577349,0.577349,-0.577349,0.577349,0.577349,-0.577349,0.577349,-0.577349,-0.577349,-0.577349,-0.577349,-0.577349,-0.577349,0.577349],
            "animations": [],
            "skinIndices": [],
            "uvs": [[0,1,0,0,1,0,1,1]]
        },
        "materials": [{
            "transparent": false,
            "wireframe": false,
            "colorAmbient": [0.690196,0.690196,0.690196],
            "visible": true,
            "mapDiffuse": "wall.jpg",
            "colorSpecular": [0.001176,0.001176,0.001176],
            "DbgColor": 15658734,
            "DbgName": "wallMaterial",
            "depthTest": true,
            "specularCoef": 50,
            "mapDiffuseAnisotropy": 1,
            "DbgIndex": 0,
            "shading": "phong",
            "mapDiffuseRepeat": [1,1],
            "depthWrite": true,
            "colorDiffuse": [0.690196,0.690196,0.690196],
            "opacity": 1,
            "colorEmissive": [0,0,0],
            "mapDiffuseWrap": ["RepeatWrapping","RepeatWrapping"],
            "blending": "NormalBlending"
        }],
        "type": "Geometry",
        "uuid": "15641190-4052-3871-BF5E-F046F6B1B496"
    },{
        "data": {
            "metadata": {
                "vertices": 8,
                "normals": 8,
                "bones": 0,
                "faces": 6,
                "generator": "io_three",
                "version": 3,
                "morphTargets": 0,
                "materials": 1,
                "uvs": 1
            },
            "name": "Box6Geometry",
            "bones": [],
            "faces": [43,0,2,3,1,0,0,1,2,3,0,1,2,3,43,4,6,7,5,0,0,1,2,3,4,5,6,7,43,0,1,4,5,0,2,3,0,1,0,3,4,7,43,7,6,3,2,0,0,1,2,3,6,5,2,1,43,2,0,5,7,0,2,3,0,1,1,0,7,6,43,1,3,6,4,0,0,1,2,3,3,2,5,4],
            "vertices": [0.5,-0.5,0.5,0.5,0.5,0.5,0.5,-0.5,-0.5,0.5,0.5,-0.5,-0.5,0.5,0.5,-0.5,-0.5,0.5,-0.5,0.5,-0.5,-0.5,-0.5,-0.5],
            "skinWeights": [],
            "influencesPerVertex": 2,
            "morphTargets": [],
            "normals": [0.577349,-0.577349,0.577349,0.577349,-0.577349,-0.577349,0.577349,0.577349,-0.577349,0.577349,0.577349,0.577349,-0.577349,0.577349,0.577349,-0.577349,0.577349,-0.577349,-0.577349,-0.577349,-0.577349,-0.577349,-0.577349,0.577349],
            "animations": [],
            "skinIndices": [],
            "uvs": [[0,1,0,0,1,0,1,1]]
        },
        "materials": [{
            "transparent": false,
            "wireframe": false,
            "colorAmbient": [0.690196,0.690196,0.690196],
            "visible": true,
            "mapDiffuse": "Wood-Textures-9.jpg",
            "colorSpecular": [0.001176,0.001176,0.001176],
            "DbgColor": 15658734,
            "DbgName": "Wood_Textures_9Material",
            "depthTest": true,
            "specularCoef": 50,
            "mapDiffuseAnisotropy": 1,
            "DbgIndex": 0,
            "shading": "phong",
            "mapDiffuseRepeat": [1,1],
            "depthWrite": true,
            "colorDiffuse": [0.690196,0.690196,0.690196],
            "opacity": 1,
            "colorEmissive": [0,0,0],
            "mapDiffuseWrap": ["RepeatWrapping","RepeatWrapping"],
            "blending": "NormalBlending"
        }],
        "type": "Geometry",
        "uuid": "5F05442A-9704-3BFB-BE1B-EE12E2150EE3"
    },{
        "data": {
            "metadata": {
                "vertices": 8,
                "normals": 8,
                "bones": 0,
                "faces": 6,
                "generator": "io_three",
                "version": 3,
                "morphTargets": 0,
                "materials": 1,
                "uvs": 1
            },
            "name": "Box7Geometry",
            "bones": [],
            "faces": [43,0,2,3,1,0,0,1,2,3,0,1,2,3,43,4,6,7,5,0,0,1,2,3,4,5,6,7,43,0,1,4,5,0,2,3,0,1,0,3,4,7,43,7,6,3,2,0,0,1,2,3,6,5,2,1,43,2,0,5,7,0,2,3,0,1,1,0,7,6,43,1,3,6,4,0,0,1,2,3,3,2,5,4],
            "vertices": [0.5,-0.5,0.5,0.5,0.5,0.5,0.5,-0.5,-0.5,0.5,0.5,-0.5,-0.5,0.5,0.5,-0.5,-0.5,0.5,-0.5,0.5,-0.5,-0.5,-0.5,-0.5],
            "skinWeights": [],
            "influencesPerVertex": 2,
            "morphTargets": [],
            "normals": [0.577349,-0.577349,0.577349,0.577349,-0.577349,-0.577349,0.577349,0.577349,-0.577349,0.577349,0.577349,0.577349,-0.577349,0.577349,0.577349,-0.577349,0.577349,-0.577349,-0.577349,-0.577349,-0.577349,-0.577349,-0.577349,0.577349],
            "animations": [],
            "skinIndices": [],
            "uvs": [[0,1,0,0,1,0,1,1]]
        },
        "materials": [{
            "transparent": false,
            "wireframe": false,
            "colorAmbient": [0.690196,0.690196,0.690196],
            "visible": true,
            "mapDiffuse": "Wood-Textures-9.jpg",
            "colorSpecular": [0.001176,0.001176,0.001176],
            "DbgColor": 15658734,
            "DbgName": "Wood_Textures_9Material",
            "depthTest": true,
            "specularCoef": 50,
            "mapDiffuseAnisotropy": 1,
            "DbgIndex": 0,
            "shading": "phong",
            "mapDiffuseRepeat": [1,1],
            "depthWrite": true,
            "colorDiffuse": [0.690196,0.690196,0.690196],
            "opacity": 1,
            "colorEmissive": [0,0,0],
            "mapDiffuseWrap": ["RepeatWrapping","RepeatWrapping"],
            "blending": "NormalBlending"
        }],
        "type": "Geometry",
        "uuid": "778708C3-2A4C-30ED-AC23-F99783DFA888"
    },{
        "data": {
            "metadata": {
                "vertices": 8,
                "normals": 8,
                "bones": 0,
                "faces": 6,
                "generator": "io_three",
                "version": 3,
                "morphTargets": 0,
                "materials": 1,
                "uvs": 1
            },
            "name": "Box3Geometry",
            "bones": [],
            "faces": [43,0,2,3,1,0,0,1,2,3,0,1,2,3,43,4,6,7,5,0,0,1,2,3,4,5,6,7,43,0,1,4,5,0,2,3,0,1,0,3,4,7,43,7,6,3,2,0,0,1,2,3,6,5,2,1,43,2,0,5,7,0,2,3,0,1,1,0,7,6,43,1,3,6,4,0,0,1,2,3,3,2,5,4],
            "vertices": [0.5,-0.5,0.5,0.5,0.5,0.5,0.5,-0.5,-0.5,0.5,0.5,-0.5,-0.5,0.5,0.5,-0.5,-0.5,0.5,-0.5,0.5,-0.5,-0.5,-0.5,-0.5],
            "skinWeights": [],
            "influencesPerVertex": 2,
            "morphTargets": [],
            "normals": [0.577349,-0.577349,0.577349,0.577349,-0.577349,-0.577349,0.577349,0.577349,-0.577349,0.577349,0.577349,0.577349,-0.577349,0.577349,0.577349,-0.577349,0.577349,-0.577349,-0.577349,-0.577349,-0.577349,-0.577349,-0.577349,0.577349],
            "animations": [],
            "skinIndices": [],
            "uvs": [[0,1,0,0,1,0,1,1]]
        },
        "materials": [{
            "transparent": false,
            "wireframe": false,
            "colorAmbient": [0.690196,0.690196,0.690196],
            "visible": true,
            "mapDiffuse": "Wood-Textures-9.jpg",
            "colorSpecular": [0.001176,0.001176,0.001176],
            "DbgColor": 15658734,
            "DbgName": "Wood_Textures_9Material",
            "depthTest": true,
            "specularCoef": 50,
            "mapDiffuseAnisotropy": 1,
            "DbgIndex": 0,
            "shading": "phong",
            "mapDiffuseRepeat": [1,1],
            "depthWrite": true,
            "colorDiffuse": [0.690196,0.690196,0.690196],
            "opacity": 1,
            "colorEmissive": [0,0,0],
            "mapDiffuseWrap": ["RepeatWrapping","RepeatWrapping"],
            "blending": "NormalBlending"
        }],
        "type": "Geometry",
        "uuid": "DAF26EED-E8A1-3597-94D1-E65246622C91"
    },{
        "data": {
            "metadata": {
                "vertices": 8,
                "normals": 8,
                "bones": 0,
                "faces": 6,
                "generator": "io_three",
                "version": 3,
                "morphTargets": 0,
                "materials": 1,
                "uvs": 1
            },
            "name": "Box4Geometry",
            "bones": [],
            "faces": [43,0,2,3,1,0,0,1,2,3,0,1,2,3,43,4,6,7,5,0,0,1,2,3,4,5,6,7,43,0,1,4,5,0,2,3,0,1,0,3,4,7,43,7,6,3,2,0,0,1,2,3,6,5,2,1,43,2,0,5,7,0,2,3,0,1,1,0,7,6,43,1,3,6,4,0,0,1,2,3,3,2,5,4],
            "vertices": [0.5,-0.5,0.5,0.5,0.5,0.5,0.5,-0.5,-0.5,0.5,0.5,-0.5,-0.5,0.5,0.5,-0.5,-0.5,0.5,-0.5,0.5,-0.5,-0.5,-0.5,-0.5],
            "skinWeights": [],
            "influencesPerVertex": 2,
            "morphTargets": [],
            "normals": [0.577349,-0.577349,0.577349,0.577349,-0.577349,-0.577349,0.577349,0.577349,-0.577349,0.577349,0.577349,0.577349,-0.577349,0.577349,0.577349,-0.577349,0.577349,-0.577349,-0.577349,-0.577349,-0.577349,-0.577349,-0.577349,0.577349],
            "animations": [],
            "skinIndices": [],
            "uvs": [[0,1,0,0,1,0,1,1]]
        },
        "materials": [{
            "transparent": false,
            "wireframe": false,
            "colorAmbient": [0.690196,0.690196,0.690196],
            "visible": true,
            "mapDiffuse": "Wood-Textures-9.jpg",
            "colorSpecular": [0.001176,0.001176,0.001176],
            "DbgColor": 15658734,
            "DbgName": "Wood_Textures_9Material",
            "depthTest": true,
            "specularCoef": 50,
            "mapDiffuseAnisotropy": 1,
            "DbgIndex": 0,
            "shading": "phong",
            "mapDiffuseRepeat": [1,1],
            "depthWrite": true,
            "colorDiffuse": [0.690196,0.690196,0.690196],
            "opacity": 1,
            "colorEmissive": [0,0,0],
            "mapDiffuseWrap": ["RepeatWrapping","RepeatWrapping"],
            "blending": "NormalBlending"
        }],
        "type": "Geometry",
        "uuid": "21064AED-2F9E-349A-8048-33069A9BEACE"
    },{
        "data": {
            "metadata": {
                "vertices": 8,
                "normals": 8,
                "bones": 0,
                "faces": 6,
                "generator": "io_three",
                "version": 3,
                "morphTargets": 0,
                "materials": 1,
                "uvs": 1
            },
            "name": "Box5Geometry",
            "bones": [],
            "faces": [43,0,2,3,1,0,0,1,2,3,0,1,2,3,43,4,6,7,5,0,0,1,2,3,4,5,6,7,43,0,1,4,5,0,2,3,0,1,0,3,4,7,43,7,6,3,2,0,0,1,2,3,6,5,2,1,43,2,0,5,7,0,2,3,0,1,1,0,7,6,43,1,3,6,4,0,0,1,2,3,3,2,5,4],
            "vertices": [0.5,-0.5,0.5,0.5,0.5,0.5,0.5,-0.5,-0.5,0.5,0.5,-0.5,-0.5,0.5,0.5,-0.5,-0.5,0.5,-0.5,0.5,-0.5,-0.5,-0.5,-0.5],
            "skinWeights": [],
            "influencesPerVertex": 2,
            "morphTargets": [],
            "normals": [0.577349,-0.577349,0.577349,0.577349,-0.577349,-0.577349,0.577349,0.577349,-0.577349,0.577349,0.577349,0.577349,-0.577349,0.577349,0.577349,-0.577349,0.577349,-0.577349,-0.577349,-0.577349,-0.577349,-0.577349,-0.577349,0.577349],
            "animations": [],
            "skinIndices": [],
            "uvs": [[0,1,0,0,1,0,1,1]]
        },
        "materials": [{
            "transparent": false,
            "wireframe": false,
            "colorAmbient": [0.690196,0.690196,0.690196],
            "visible": true,
            "mapDiffuse": "Wood-Textures-9.jpg",
            "colorSpecular": [0.001176,0.001176,0.001176],
            "DbgColor": 15658734,
            "DbgName": "Wood_Textures_9Material",
            "depthTest": true,
            "specularCoef": 50,
            "mapDiffuseAnisotropy": 1,
            "DbgIndex": 0,
            "shading": "phong",
            "mapDiffuseRepeat": [1,1],
            "depthWrite": true,
            "colorDiffuse": [0.690196,0.690196,0.690196],
            "opacity": 1,
            "colorEmissive": [0,0,0],
            "mapDiffuseWrap": ["RepeatWrapping","RepeatWrapping"],
            "blending": "NormalBlending"
        }],
        "type": "Geometry",
        "uuid": "64183BD0-6EAE-3D88-8ABC-1117C3AD9D35"
    }]
}